{
    "accuracy": 0.8847362920499939,
    "loss": 0.3006805707426632
}