{
    "accuracy": 0.8754191362533269,
    "loss": 0.3711523036746418
}