{
    "accuracy": 0.8524473711840826,
    "loss": 0.36540889739990234
}