{
    "accuracy": 0.8701612823844397,
    "loss": 0.3514348641037941
}